{
  "project_info": {
    "project_number": "775096927940",
    "firebase_url": "https://webview-78197.firebaseio.com",
    "project_id": "webview-78197",
    "storage_bucket": "webview-78197.appspot.com"
  },
  "client": [
    {
      "client_info": {
        "mobilesdk_app_id": "1:775096927940:android:6f160d97a42bc60d2b6b91",
        "android_client_info": {
          "package_name": "com.example.webview"
        }
      },
      "oauth_client": [
        {
          "client_id": "775096927940-so3v4a50kp8ue306edd4ini81e952ruv.apps.googleusercontent.com",
          "client_type": 1,
          "android_info": {
            "package_name": "com.example.webview",
            "certificate_hash": "5bdb805dae9a6c69f5a7355ca2f8cc8db0366049"
          }
        },
        {
          "client_id": "775096927940-4gts7ar22sbjh184bjs7f25bv593jglo.apps.googleusercontent.com",
          "client_type": 3
        }
      ],
      "api_key": [
        {
          "current_key": "AIzaSyBg2odCx7kNU9mACFBP_LbTNUCA_UugHrw"
        }
      ],
      "services": {
        "appinvite_service": {
          "other_platform_oauth_client": [
            {
              "client_id": "775096927940-4gts7ar22sbjh184bjs7f25bv593jglo.apps.googleusercontent.com",
              "client_type": 3
            }
          ]
        }
      }
    }
  ],
  "configuration_version": "1"
}